{"nodes":[{"state":0,"url":"http://localhost:2368","errors":[]},{"state":1,"url":"http://localhost:2368/tag/getting-started/","errors":[]},{"state":2,"url":"http://localhost:2368/author/ghost/","errors":[]},{"state":3,"url":"https://ghost.org/docs/","errors":[]},{"state":4,"url":"http://localhost:2368/brandnewpage/","errors":[]},{"state":5,"url":"http://localhost:2368/DoesntExist/","errors":[]},{"state":6,"url":"http://localhost:2368/newpagehere/","errors":[]},{"state":7,"url":"http://localhost:2368/tag/1NuevoTag1/","errors":[]},{"state":8,"url":"http://localhost:2368/post-para-agendar/","errors":[]},{"state":9,"url":"http://localhost:2368/author/raul/","errors":[]},{"state":10,"url":"http://localhost:2368/untitled/","errors":[]},{"state":11,"url":"http://localhost:2368/nuevo-post/","errors":[]},{"state":12,"url":"http://localhost:2368/posttotest/","errors":[]},{"state":13,"url":"http://localhost:2368/newpost/","errors":[]},{"state":14,"url":"http://localhost:2368/welcome/","errors":[]},{"state":15,"url":"http://localhost:2368/the-editor/","errors":[]},{"state":16,"url":"http://localhost:2368/publishing-options/","errors":[]},{"state":17,"url":"http://localhost:2368/admin-settings/","errors":[]},{"state":18,"url":"http://localhost:2368/organising-content/","errors":[]},{"state":19,"url":"http://localhost:2368/apps-integrations/","errors":[]},{"state":20,"url":"http://localhost:2368/themes/","errors":[]},{"state":21,"url":"https://www.facebook.com/ghost","errors":[]},{"state":22,"url":"https://twitter.com/ghost","errors":[]},{"state":23,"url":"https://ghost.org/","errors":[]}],"links":[{"source":0,"target":0,"interaction":"link-click"},{"source":0,"target":1,"interaction":"link-click"},{"source":0,"target":2,"interaction":"link-click"},{"source":0,"target":3,"interaction":"link-click"},{"source":0,"target":4,"interaction":"link-click"},{"source":0,"target":5,"interaction":"link-click"},{"source":0,"target":6,"interaction":"link-click"},{"source":0,"target":7,"interaction":"link-click"},{"source":0,"target":5,"interaction":"link-click"},{"source":0,"target":8,"interaction":"link-click"},{"source":0,"target":9,"interaction":"link-click"},{"source":0,"target":10,"interaction":"link-click"},{"source":0,"target":11,"interaction":"link-click"},{"source":0,"target":12,"interaction":"link-click"},{"source":0,"target":13,"interaction":"link-click"},{"source":0,"target":14,"interaction":"link-click"},{"source":0,"target":15,"interaction":"link-click"},{"source":0,"target":16,"interaction":"link-click"},{"source":0,"target":17,"interaction":"link-click"},{"source":0,"target":18,"interaction":"link-click"},{"source":0,"target":19,"interaction":"link-click"},{"source":0,"target":20,"interaction":"link-click"},{"source":0,"target":21,"interaction":"link-click"},{"source":0,"target":22,"interaction":"link-click"},{"source":0,"target":23,"interaction":"link-click"}]}