{"nodes":[{"url":"http://localhost:2368"},{"url":"http://localhost:2368/"},{"url":"http://localhost:2368/tag/getting-started/"},{"url":"http://localhost:2368/author/ghost/"},{"url":"https://ghost.org/docs/"},{"url":"http://localhost:2368/brandnewpage/"},{"url":"http://localhost:2368/DoesntExist/"},{"url":"http://localhost:2368/newpagehere/"},{"url":"http://localhost:2368/tag/1NuevoTag1/"},{"url":"http://localhost:2368/tag/2NuevoTag2/"},{"url":"http://localhost:2368/post-para-agendar/"},{"url":"http://localhost:2368/author/raul/"},{"url":"http://localhost:2368/untitled/"},{"url":"http://localhost:2368/nuevo-post/"},{"url":"http://localhost:2368/posttotest/"},{"url":"http://localhost:2368/newpost/"},{"url":"http://localhost:2368/welcome/"},{"url":"http://localhost:2368/the-editor/"},{"url":"http://localhost:2368/publishing-options/"},{"url":"http://localhost:2368/admin-settings/"},{"url":"http://localhost:2368/organising-content/"},{"url":"http://localhost:2368/apps-integrations/"},{"url":"http://localhost:2368/themes/"},{"url":"https://www.facebook.com/ghost"},{"url":"https://twitter.com/ghost"},{"url":"https://ghost.org/"}],"links":[{"source":"http://localhost:2368","target":"http://localhost:2368/"},{"source":"http://localhost:2368","target":"http://localhost:2368/tag/getting-started/"},{"source":"http://localhost:2368","target":"http://localhost:2368/author/ghost/"},{"source":"http://localhost:2368","target":"https://ghost.org/docs/"},{"source":"http://localhost:2368","target":"http://localhost:2368/brandnewpage/"},{"source":"http://localhost:2368","target":"http://localhost:2368/DoesntExist/"},{"source":"http://localhost:2368","target":"http://localhost:2368/newpagehere/"},{"source":"http://localhost:2368","target":"http://localhost:2368/tag/1NuevoTag1/"},{"source":"http://localhost:2368","target":"http://localhost:2368/tag/2NuevoTag2/"},{"source":"http://localhost:2368","target":"http://localhost:2368/post-para-agendar/"},{"source":"http://localhost:2368","target":"http://localhost:2368/author/raul/"},{"source":"http://localhost:2368","target":"http://localhost:2368/untitled/"},{"source":"http://localhost:2368","target":"http://localhost:2368/nuevo-post/"},{"source":"http://localhost:2368","target":"http://localhost:2368/posttotest/"},{"source":"http://localhost:2368","target":"http://localhost:2368/newpost/"},{"source":"http://localhost:2368","target":"http://localhost:2368/welcome/"},{"source":"http://localhost:2368","target":"http://localhost:2368/the-editor/"},{"source":"http://localhost:2368","target":"http://localhost:2368/publishing-options/"},{"source":"http://localhost:2368","target":"http://localhost:2368/admin-settings/"},{"source":"http://localhost:2368","target":"http://localhost:2368/organising-content/"},{"source":"http://localhost:2368","target":"http://localhost:2368/apps-integrations/"},{"source":"http://localhost:2368","target":"http://localhost:2368/themes/"},{"source":"http://localhost:2368","target":"https://www.facebook.com/ghost"},{"source":"http://localhost:2368","target":"https://twitter.com/ghost"},{"source":"http://localhost:2368","target":"https://ghost.org/"},{"source":"http://localhost:2368/","target":"http://localhost:2368/"},{"source":"http://localhost:2368/","target":"http://localhost:2368/tag/getting-started/"},{"source":"http://localhost:2368/","target":"http://localhost:2368/author/ghost/"},{"source":"http://localhost:2368/","target":"https://ghost.org/docs/"},{"source":"http://localhost:2368/","target":"http://localhost:2368/brandnewpage/"},{"source":"http://localhost:2368/","target":"http://localhost:2368/DoesntExist/"},{"source":"http://localhost:2368/","target":"http://localhost:2368/newpagehere/"},{"source":"http://localhost:2368/","target":"http://localhost:2368/tag/1NuevoTag1/"},{"source":"http://localhost:2368/","target":"http://localhost:2368/tag/2NuevoTag2/"},{"source":"http://localhost:2368/","target":"http://localhost:2368/post-para-agendar/"},{"source":"http://localhost:2368/","target":"http://localhost:2368/author/raul/"},{"source":"http://localhost:2368/","target":"http://localhost:2368/untitled/"},{"source":"http://localhost:2368/","target":"http://localhost:2368/nuevo-post/"},{"source":"http://localhost:2368/","target":"http://localhost:2368/posttotest/"},{"source":"http://localhost:2368/","target":"http://localhost:2368/newpost/"},{"source":"http://localhost:2368/","target":"http://localhost:2368/welcome/"},{"source":"http://localhost:2368/","target":"http://localhost:2368/the-editor/"},{"source":"http://localhost:2368/","target":"http://localhost:2368/publishing-options/"},{"source":"http://localhost:2368/","target":"http://localhost:2368/admin-settings/"},{"source":"http://localhost:2368/","target":"http://localhost:2368/organising-content/"},{"source":"http://localhost:2368/","target":"http://localhost:2368/apps-integrations/"},{"source":"http://localhost:2368/","target":"http://localhost:2368/themes/"},{"source":"http://localhost:2368/","target":"https://www.facebook.com/ghost"},{"source":"http://localhost:2368/","target":"https://twitter.com/ghost"},{"source":"http://localhost:2368/","target":"https://ghost.org/"},{"source":"http://localhost:2368/tag/getting-started/","target":"http://localhost:2368/"},{"source":"http://localhost:2368/tag/getting-started/","target":"http://localhost:2368/tag/getting-started/"},{"source":"http://localhost:2368/tag/getting-started/","target":"http://localhost:2368/author/ghost/"},{"source":"http://localhost:2368/tag/getting-started/","target":"https://ghost.org/docs/"},{"source":"http://localhost:2368/tag/getting-started/","target":"http://localhost:2368/brandnewpage/"},{"source":"http://localhost:2368/tag/getting-started/","target":"http://localhost:2368/DoesntExist/"},{"source":"http://localhost:2368/tag/getting-started/","target":"http://localhost:2368/newpagehere/"},{"source":"http://localhost:2368/tag/getting-started/","target":"http://localhost:2368/tag/1NuevoTag1/"},{"source":"http://localhost:2368/tag/getting-started/","target":"http://localhost:2368/tag/2NuevoTag2/"},{"source":"http://localhost:2368/tag/getting-started/","target":"http://localhost:2368/nuevo-post/"},{"source":"http://localhost:2368/tag/getting-started/","target":"http://localhost:2368/author/raul/"},{"source":"http://localhost:2368/tag/getting-started/","target":"http://localhost:2368/welcome/"},{"source":"http://localhost:2368/tag/getting-started/","target":"http://localhost:2368/the-editor/"},{"source":"http://localhost:2368/tag/getting-started/","target":"http://localhost:2368/publishing-options/"},{"source":"http://localhost:2368/tag/getting-started/","target":"http://localhost:2368/admin-settings/"},{"source":"http://localhost:2368/tag/getting-started/","target":"http://localhost:2368/organising-content/"},{"source":"http://localhost:2368/tag/getting-started/","target":"http://localhost:2368/apps-integrations/"},{"source":"http://localhost:2368/tag/getting-started/","target":"http://localhost:2368/themes/"},{"source":"http://localhost:2368/tag/getting-started/","target":"https://www.facebook.com/ghost"},{"source":"http://localhost:2368/tag/getting-started/","target":"https://twitter.com/ghost"},{"source":"http://localhost:2368/tag/getting-started/","target":"https://ghost.org/"},{"source":"http://localhost:2368/author/ghost/","target":"http://localhost:2368/"},{"source":"http://localhost:2368/author/ghost/","target":"http://localhost:2368/tag/getting-started/"},{"source":"http://localhost:2368/author/ghost/","target":"http://localhost:2368/author/ghost/"},{"source":"http://localhost:2368/author/ghost/","target":"https://ghost.org/docs/"},{"source":"http://localhost:2368/author/ghost/","target":"http://localhost:2368/brandnewpage/"},{"source":"http://localhost:2368/author/ghost/","target":"http://localhost:2368/DoesntExist/"},{"source":"http://localhost:2368/author/ghost/","target":"http://localhost:2368/newpagehere/"},{"source":"http://localhost:2368/author/ghost/","target":"http://localhost:2368/tag/1NuevoTag1/"},{"source":"http://localhost:2368/author/ghost/","target":"http://localhost:2368/tag/2NuevoTag2/"},{"source":"http://localhost:2368/author/ghost/","target":"https://ghost.org/"},{"source":"http://localhost:2368/author/ghost/","target":"https://twitter.com/ghost"},{"source":"http://localhost:2368/author/ghost/","target":"https://www.facebook.com/ghost"},{"source":"http://localhost:2368/author/ghost/","target":"http://localhost:2368/welcome/"},{"source":"http://localhost:2368/author/ghost/","target":"http://localhost:2368/the-editor/"},{"source":"http://localhost:2368/author/ghost/","target":"http://localhost:2368/publishing-options/"},{"source":"http://localhost:2368/author/ghost/","target":"http://localhost:2368/admin-settings/"},{"source":"http://localhost:2368/author/ghost/","target":"http://localhost:2368/organising-content/"},{"source":"http://localhost:2368/author/ghost/","target":"http://localhost:2368/apps-integrations/"},{"source":"http://localhost:2368/author/ghost/","target":"http://localhost:2368/themes/"},{"source":"https://ghost.org/docs/","target":"https://ghost.org/"},{"source":"https://ghost.org/docs/","target":"https://ghost.org/docs/"},{"source":"https://ghost.org/docs/","target":"https://twitter.com/ghost"},{"source":"http://localhost:2368/brandnewpage/","target":"http://localhost:2368/"},{"source":"http://localhost:2368/brandnewpage/","target":"http://localhost:2368/tag/getting-started/"},{"source":"http://localhost:2368/brandnewpage/","target":"http://localhost:2368/author/ghost/"},{"source":"http://localhost:2368/brandnewpage/","target":"https://ghost.org/docs/"},{"source":"http://localhost:2368/brandnewpage/","target":"http://localhost:2368/brandnewpage/"},{"source":"http://localhost:2368/brandnewpage/","target":"http://localhost:2368/DoesntExist/"},{"source":"http://localhost:2368/brandnewpage/","target":"http://localhost:2368/newpagehere/"},{"source":"http://localhost:2368/brandnewpage/","target":"http://localhost:2368/tag/1NuevoTag1/"},{"source":"http://localhost:2368/brandnewpage/","target":"http://localhost:2368/tag/2NuevoTag2/"},{"source":"http://localhost:2368/brandnewpage/","target":"https://www.facebook.com/ghost"},{"source":"http://localhost:2368/brandnewpage/","target":"https://twitter.com/ghost"},{"source":"http://localhost:2368/brandnewpage/","target":"https://ghost.org/"},{"source":"http://localhost:2368/DoesntExist/","target":"http://localhost:2368/"},{"source":"http://localhost:2368/DoesntExist/","target":"http://localhost:2368/tag/getting-started/"},{"source":"http://localhost:2368/DoesntExist/","target":"http://localhost:2368/author/ghost/"},{"source":"http://localhost:2368/DoesntExist/","target":"https://ghost.org/docs/"},{"source":"http://localhost:2368/DoesntExist/","target":"http://localhost:2368/brandnewpage/"},{"source":"http://localhost:2368/DoesntExist/","target":"http://localhost:2368/DoesntExist/"},{"source":"http://localhost:2368/DoesntExist/","target":"http://localhost:2368/newpagehere/"},{"source":"http://localhost:2368/DoesntExist/","target":"http://localhost:2368/tag/1NuevoTag1/"},{"source":"http://localhost:2368/DoesntExist/","target":"http://localhost:2368/tag/2NuevoTag2/"},{"source":"http://localhost:2368/DoesntExist/","target":"http://localhost:2368/post-para-agendar/"},{"source":"http://localhost:2368/DoesntExist/","target":"http://localhost:2368/author/raul/"},{"source":"http://localhost:2368/DoesntExist/","target":"http://localhost:2368/untitled/"},{"source":"http://localhost:2368/DoesntExist/","target":"http://localhost:2368/nuevo-post/"},{"source":"http://localhost:2368/DoesntExist/","target":"https://www.facebook.com/ghost"},{"source":"http://localhost:2368/DoesntExist/","target":"https://twitter.com/ghost"},{"source":"http://localhost:2368/DoesntExist/","target":"https://ghost.org/"},{"source":"http://localhost:2368/newpagehere/","target":"http://localhost:2368/"},{"source":"http://localhost:2368/newpagehere/","target":"http://localhost:2368/tag/getting-started/"},{"source":"http://localhost:2368/newpagehere/","target":"http://localhost:2368/author/ghost/"},{"source":"http://localhost:2368/newpagehere/","target":"https://ghost.org/docs/"},{"source":"http://localhost:2368/newpagehere/","target":"http://localhost:2368/brandnewpage/"},{"source":"http://localhost:2368/newpagehere/","target":"http://localhost:2368/DoesntExist/"},{"source":"http://localhost:2368/newpagehere/","target":"http://localhost:2368/newpagehere/"},{"source":"http://localhost:2368/newpagehere/","target":"http://localhost:2368/tag/1NuevoTag1/"},{"source":"http://localhost:2368/newpagehere/","target":"http://localhost:2368/tag/2NuevoTag2/"},{"source":"http://localhost:2368/newpagehere/","target":"https://www.facebook.com/ghost"},{"source":"http://localhost:2368/newpagehere/","target":"https://twitter.com/ghost"},{"source":"http://localhost:2368/newpagehere/","target":"https://ghost.org/"},{"source":"http://localhost:2368/tag/1NuevoTag1/","target":"http://localhost:2368/"},{"source":"http://localhost:2368/tag/1NuevoTag1/","target":"http://localhost:2368/tag/getting-started/"},{"source":"http://localhost:2368/tag/1NuevoTag1/","target":"http://localhost:2368/author/ghost/"},{"source":"http://localhost:2368/tag/1NuevoTag1/","target":"https://ghost.org/docs/"},{"source":"http://localhost:2368/tag/1NuevoTag1/","target":"http://localhost:2368/brandnewpage/"},{"source":"http://localhost:2368/tag/1NuevoTag1/","target":"http://localhost:2368/DoesntExist/"},{"source":"http://localhost:2368/tag/1NuevoTag1/","target":"http://localhost:2368/newpagehere/"},{"source":"http://localhost:2368/tag/1NuevoTag1/","target":"http://localhost:2368/tag/1NuevoTag1/"},{"source":"http://localhost:2368/tag/1NuevoTag1/","target":"http://localhost:2368/tag/2NuevoTag2/"},{"source":"http://localhost:2368/tag/1NuevoTag1/","target":"http://localhost:2368/nuevo-post/"},{"source":"http://localhost:2368/tag/1NuevoTag1/","target":"http://localhost:2368/author/raul/"},{"source":"http://localhost:2368/tag/1NuevoTag1/","target":"https://www.facebook.com/ghost"},{"source":"http://localhost:2368/tag/1NuevoTag1/","target":"https://twitter.com/ghost"},{"source":"http://localhost:2368/tag/1NuevoTag1/","target":"https://ghost.org/"},{"source":"http://localhost:2368/tag/2NuevoTag2/","target":"http://localhost:2368/"},{"source":"http://localhost:2368/tag/2NuevoTag2/","target":"http://localhost:2368/tag/getting-started/"},{"source":"http://localhost:2368/tag/2NuevoTag2/","target":"http://localhost:2368/author/ghost/"},{"source":"http://localhost:2368/tag/2NuevoTag2/","target":"https://ghost.org/docs/"},{"source":"http://localhost:2368/tag/2NuevoTag2/","target":"http://localhost:2368/brandnewpage/"},{"source":"http://localhost:2368/tag/2NuevoTag2/","target":"http://localhost:2368/DoesntExist/"},{"source":"http://localhost:2368/tag/2NuevoTag2/","target":"http://localhost:2368/newpagehere/"},{"source":"http://localhost:2368/tag/2NuevoTag2/","target":"http://localhost:2368/tag/1NuevoTag1/"},{"source":"http://localhost:2368/tag/2NuevoTag2/","target":"http://localhost:2368/tag/2NuevoTag2/"},{"source":"http://localhost:2368/tag/2NuevoTag2/","target":"http://localhost:2368/post-para-agendar/"},{"source":"http://localhost:2368/tag/2NuevoTag2/","target":"http://localhost:2368/author/raul/"},{"source":"http://localhost:2368/tag/2NuevoTag2/","target":"http://localhost:2368/untitled/"},{"source":"http://localhost:2368/tag/2NuevoTag2/","target":"http://localhost:2368/nuevo-post/"},{"source":"http://localhost:2368/tag/2NuevoTag2/","target":"https://www.facebook.com/ghost"},{"source":"http://localhost:2368/tag/2NuevoTag2/","target":"https://twitter.com/ghost"},{"source":"http://localhost:2368/tag/2NuevoTag2/","target":"https://ghost.org/"},{"source":"http://localhost:2368/post-para-agendar/","target":"http://localhost:2368/"},{"source":"http://localhost:2368/post-para-agendar/","target":"http://localhost:2368/tag/getting-started/"},{"source":"http://localhost:2368/post-para-agendar/","target":"http://localhost:2368/author/ghost/"},{"source":"http://localhost:2368/post-para-agendar/","target":"https://ghost.org/docs/"},{"source":"http://localhost:2368/post-para-agendar/","target":"http://localhost:2368/brandnewpage/"},{"source":"http://localhost:2368/post-para-agendar/","target":"http://localhost:2368/DoesntExist/"},{"source":"http://localhost:2368/post-para-agendar/","target":"http://localhost:2368/newpagehere/"},{"source":"http://localhost:2368/post-para-agendar/","target":"http://localhost:2368/tag/1NuevoTag1/"},{"source":"http://localhost:2368/post-para-agendar/","target":"http://localhost:2368/tag/2NuevoTag2/"},{"source":"http://localhost:2368/post-para-agendar/","target":"http://localhost:2368/author/raul/"},{"source":"http://localhost:2368/post-para-agendar/","target":"http://localhost:2368/untitled/"},{"source":"http://localhost:2368/post-para-agendar/","target":"https://www.facebook.com/ghost"},{"source":"http://localhost:2368/post-para-agendar/","target":"https://twitter.com/ghost"},{"source":"http://localhost:2368/post-para-agendar/","target":"https://ghost.org/"},{"source":"http://localhost:2368/author/raul/","target":"http://localhost:2368/"},{"source":"http://localhost:2368/author/raul/","target":"http://localhost:2368/tag/getting-started/"},{"source":"http://localhost:2368/author/raul/","target":"http://localhost:2368/author/ghost/"},{"source":"http://localhost:2368/author/raul/","target":"https://ghost.org/docs/"},{"source":"http://localhost:2368/author/raul/","target":"http://localhost:2368/brandnewpage/"},{"source":"http://localhost:2368/author/raul/","target":"http://localhost:2368/DoesntExist/"},{"source":"http://localhost:2368/author/raul/","target":"http://localhost:2368/newpagehere/"},{"source":"http://localhost:2368/author/raul/","target":"http://localhost:2368/tag/1NuevoTag1/"},{"source":"http://localhost:2368/author/raul/","target":"http://localhost:2368/tag/2NuevoTag2/"},{"source":"http://localhost:2368/author/raul/","target":"http://localhost:2368/post-para-agendar/"},{"source":"http://localhost:2368/author/raul/","target":"http://localhost:2368/author/raul/"},{"source":"http://localhost:2368/author/raul/","target":"http://localhost:2368/untitled/"},{"source":"http://localhost:2368/author/raul/","target":"http://localhost:2368/nuevo-post/"},{"source":"http://localhost:2368/author/raul/","target":"http://localhost:2368/posttotest/"},{"source":"http://localhost:2368/author/raul/","target":"http://localhost:2368/newpost/"},{"source":"http://localhost:2368/author/raul/","target":"https://www.facebook.com/ghost"},{"source":"http://localhost:2368/author/raul/","target":"https://twitter.com/ghost"},{"source":"http://localhost:2368/author/raul/","target":"https://ghost.org/"},{"source":"http://localhost:2368/untitled/","target":"http://localhost:2368/"},{"source":"http://localhost:2368/untitled/","target":"http://localhost:2368/tag/getting-started/"},{"source":"http://localhost:2368/untitled/","target":"http://localhost:2368/author/ghost/"},{"source":"http://localhost:2368/untitled/","target":"https://ghost.org/docs/"},{"source":"http://localhost:2368/untitled/","target":"http://localhost:2368/brandnewpage/"},{"source":"http://localhost:2368/untitled/","target":"http://localhost:2368/DoesntExist/"},{"source":"http://localhost:2368/untitled/","target":"http://localhost:2368/newpagehere/"},{"source":"http://localhost:2368/untitled/","target":"http://localhost:2368/tag/1NuevoTag1/"},{"source":"http://localhost:2368/untitled/","target":"http://localhost:2368/tag/2NuevoTag2/"},{"source":"http://localhost:2368/untitled/","target":"http://localhost:2368/author/raul/"},{"source":"http://localhost:2368/untitled/","target":"http://localhost:2368/post-para-agendar/"},{"source":"http://localhost:2368/untitled/","target":"http://localhost:2368/nuevo-post/"},{"source":"http://localhost:2368/untitled/","target":"https://www.facebook.com/ghost"},{"source":"http://localhost:2368/untitled/","target":"https://twitter.com/ghost"},{"source":"http://localhost:2368/untitled/","target":"https://ghost.org/"},{"source":"http://localhost:2368/nuevo-post/","target":"http://localhost:2368/"},{"source":"http://localhost:2368/nuevo-post/","target":"http://localhost:2368/tag/getting-started/"},{"source":"http://localhost:2368/nuevo-post/","target":"http://localhost:2368/author/ghost/"},{"source":"http://localhost:2368/nuevo-post/","target":"https://ghost.org/docs/"},{"source":"http://localhost:2368/nuevo-post/","target":"http://localhost:2368/brandnewpage/"},{"source":"http://localhost:2368/nuevo-post/","target":"http://localhost:2368/DoesntExist/"},{"source":"http://localhost:2368/nuevo-post/","target":"http://localhost:2368/newpagehere/"},{"source":"http://localhost:2368/nuevo-post/","target":"http://localhost:2368/tag/1NuevoTag1/"},{"source":"http://localhost:2368/nuevo-post/","target":"http://localhost:2368/tag/2NuevoTag2/"},{"source":"http://localhost:2368/nuevo-post/","target":"http://localhost:2368/author/raul/"},{"source":"http://localhost:2368/nuevo-post/","target":"http://localhost:2368/welcome/"},{"source":"http://localhost:2368/nuevo-post/","target":"http://localhost:2368/the-editor/"},{"source":"http://localhost:2368/nuevo-post/","target":"http://localhost:2368/publishing-options/"},{"source":"http://localhost:2368/nuevo-post/","target":"http://localhost:2368/untitled/"},{"source":"http://localhost:2368/nuevo-post/","target":"http://localhost:2368/posttotest/"},{"source":"http://localhost:2368/nuevo-post/","target":"https://www.facebook.com/ghost"},{"source":"http://localhost:2368/nuevo-post/","target":"https://twitter.com/ghost"},{"source":"http://localhost:2368/nuevo-post/","target":"https://ghost.org/"},{"source":"http://localhost:2368/posttotest/","target":"http://localhost:2368/"},{"source":"http://localhost:2368/posttotest/","target":"http://localhost:2368/tag/getting-started/"},{"source":"http://localhost:2368/posttotest/","target":"http://localhost:2368/author/ghost/"},{"source":"http://localhost:2368/posttotest/","target":"https://ghost.org/docs/"},{"source":"http://localhost:2368/posttotest/","target":"http://localhost:2368/brandnewpage/"},{"source":"http://localhost:2368/posttotest/","target":"http://localhost:2368/DoesntExist/"},{"source":"http://localhost:2368/posttotest/","target":"http://localhost:2368/newpagehere/"},{"source":"http://localhost:2368/posttotest/","target":"http://localhost:2368/tag/1NuevoTag1/"},{"source":"http://localhost:2368/posttotest/","target":"http://localhost:2368/tag/2NuevoTag2/"},{"source":"http://localhost:2368/posttotest/","target":"http://localhost:2368/author/raul/"},{"source":"http://localhost:2368/posttotest/","target":"http://localhost:2368/nuevo-post/"},{"source":"http://localhost:2368/posttotest/","target":"http://localhost:2368/newpost/"},{"source":"http://localhost:2368/posttotest/","target":"https://www.facebook.com/ghost"},{"source":"http://localhost:2368/posttotest/","target":"https://twitter.com/ghost"},{"source":"http://localhost:2368/posttotest/","target":"https://ghost.org/"},{"source":"http://localhost:2368/newpost/","target":"http://localhost:2368/"},{"source":"http://localhost:2368/newpost/","target":"http://localhost:2368/tag/getting-started/"},{"source":"http://localhost:2368/newpost/","target":"http://localhost:2368/author/ghost/"},{"source":"http://localhost:2368/newpost/","target":"https://ghost.org/docs/"},{"source":"http://localhost:2368/newpost/","target":"http://localhost:2368/brandnewpage/"},{"source":"http://localhost:2368/newpost/","target":"http://localhost:2368/DoesntExist/"},{"source":"http://localhost:2368/newpost/","target":"http://localhost:2368/newpagehere/"},{"source":"http://localhost:2368/newpost/","target":"http://localhost:2368/tag/1NuevoTag1/"},{"source":"http://localhost:2368/newpost/","target":"http://localhost:2368/tag/2NuevoTag2/"},{"source":"http://localhost:2368/newpost/","target":"http://localhost:2368/author/raul/"},{"source":"http://localhost:2368/newpost/","target":"http://localhost:2368/posttotest/"},{"source":"http://localhost:2368/newpost/","target":"http://localhost:2368/welcome/"},{"source":"http://localhost:2368/newpost/","target":"https://www.facebook.com/ghost"},{"source":"http://localhost:2368/newpost/","target":"https://twitter.com/ghost"},{"source":"http://localhost:2368/newpost/","target":"https://ghost.org/"},{"source":"http://localhost:2368/welcome/","target":"http://localhost:2368/"},{"source":"http://localhost:2368/welcome/","target":"http://localhost:2368/tag/getting-started/"},{"source":"http://localhost:2368/welcome/","target":"http://localhost:2368/author/ghost/"},{"source":"http://localhost:2368/welcome/","target":"https://ghost.org/docs/"},{"source":"http://localhost:2368/welcome/","target":"http://localhost:2368/brandnewpage/"},{"source":"http://localhost:2368/welcome/","target":"http://localhost:2368/DoesntExist/"},{"source":"http://localhost:2368/welcome/","target":"http://localhost:2368/newpagehere/"},{"source":"http://localhost:2368/welcome/","target":"http://localhost:2368/tag/1NuevoTag1/"},{"source":"http://localhost:2368/welcome/","target":"http://localhost:2368/tag/2NuevoTag2/"},{"source":"http://localhost:2368/welcome/","target":"http://localhost:2368/the-editor/"},{"source":"http://localhost:2368/welcome/","target":"http://localhost:2368/nuevo-post/"},{"source":"http://localhost:2368/welcome/","target":"http://localhost:2368/publishing-options/"},{"source":"http://localhost:2368/welcome/","target":"http://localhost:2368/newpost/"},{"source":"http://localhost:2368/welcome/","target":"http://localhost:2368/author/raul/"},{"source":"http://localhost:2368/welcome/","target":"https://www.facebook.com/ghost"},{"source":"http://localhost:2368/welcome/","target":"https://twitter.com/ghost"},{"source":"http://localhost:2368/welcome/","target":"https://ghost.org/"},{"source":"http://localhost:2368/the-editor/","target":"http://localhost:2368/"},{"source":"http://localhost:2368/the-editor/","target":"http://localhost:2368/tag/getting-started/"},{"source":"http://localhost:2368/the-editor/","target":"http://localhost:2368/author/ghost/"},{"source":"http://localhost:2368/the-editor/","target":"https://ghost.org/docs/"},{"source":"http://localhost:2368/the-editor/","target":"http://localhost:2368/brandnewpage/"},{"source":"http://localhost:2368/the-editor/","target":"http://localhost:2368/DoesntExist/"},{"source":"http://localhost:2368/the-editor/","target":"http://localhost:2368/newpagehere/"},{"source":"http://localhost:2368/the-editor/","target":"http://localhost:2368/tag/1NuevoTag1/"},{"source":"http://localhost:2368/the-editor/","target":"http://localhost:2368/tag/2NuevoTag2/"},{"source":"http://localhost:2368/the-editor/","target":"https://ghost.org/"},{"source":"http://localhost:2368/the-editor/","target":"http://localhost:2368/publishing-options/"},{"source":"http://localhost:2368/the-editor/","target":"http://localhost:2368/nuevo-post/"},{"source":"http://localhost:2368/the-editor/","target":"http://localhost:2368/welcome/"},{"source":"http://localhost:2368/the-editor/","target":"https://www.facebook.com/ghost"},{"source":"http://localhost:2368/the-editor/","target":"https://twitter.com/ghost"},{"source":"http://localhost:2368/publishing-options/","target":"http://localhost:2368/"},{"source":"http://localhost:2368/publishing-options/","target":"http://localhost:2368/tag/getting-started/"},{"source":"http://localhost:2368/publishing-options/","target":"http://localhost:2368/author/ghost/"},{"source":"http://localhost:2368/publishing-options/","target":"https://ghost.org/docs/"},{"source":"http://localhost:2368/publishing-options/","target":"http://localhost:2368/brandnewpage/"},{"source":"http://localhost:2368/publishing-options/","target":"http://localhost:2368/DoesntExist/"},{"source":"http://localhost:2368/publishing-options/","target":"http://localhost:2368/newpagehere/"},{"source":"http://localhost:2368/publishing-options/","target":"http://localhost:2368/tag/1NuevoTag1/"},{"source":"http://localhost:2368/publishing-options/","target":"http://localhost:2368/tag/2NuevoTag2/"},{"source":"http://localhost:2368/publishing-options/","target":"http://localhost:2368/admin-settings/"},{"source":"http://localhost:2368/publishing-options/","target":"http://localhost:2368/nuevo-post/"},{"source":"http://localhost:2368/publishing-options/","target":"http://localhost:2368/welcome/"},{"source":"http://localhost:2368/publishing-options/","target":"http://localhost:2368/the-editor/"},{"source":"http://localhost:2368/publishing-options/","target":"https://www.facebook.com/ghost"},{"source":"http://localhost:2368/publishing-options/","target":"https://twitter.com/ghost"},{"source":"http://localhost:2368/publishing-options/","target":"https://ghost.org/"},{"source":"http://localhost:2368/admin-settings/","target":"http://localhost:2368/"},{"source":"http://localhost:2368/admin-settings/","target":"http://localhost:2368/tag/getting-started/"},{"source":"http://localhost:2368/admin-settings/","target":"http://localhost:2368/author/ghost/"},{"source":"http://localhost:2368/admin-settings/","target":"https://ghost.org/docs/"},{"source":"http://localhost:2368/admin-settings/","target":"http://localhost:2368/brandnewpage/"},{"source":"http://localhost:2368/admin-settings/","target":"http://localhost:2368/DoesntExist/"},{"source":"http://localhost:2368/admin-settings/","target":"http://localhost:2368/newpagehere/"},{"source":"http://localhost:2368/admin-settings/","target":"http://localhost:2368/tag/1NuevoTag1/"},{"source":"http://localhost:2368/admin-settings/","target":"http://localhost:2368/tag/2NuevoTag2/"},{"source":"http://localhost:2368/admin-settings/","target":"http://localhost:2368/organising-content/"},{"source":"http://localhost:2368/admin-settings/","target":"http://localhost:2368/nuevo-post/"},{"source":"http://localhost:2368/admin-settings/","target":"http://localhost:2368/welcome/"},{"source":"http://localhost:2368/admin-settings/","target":"http://localhost:2368/the-editor/"},{"source":"http://localhost:2368/admin-settings/","target":"http://localhost:2368/publishing-options/"},{"source":"http://localhost:2368/admin-settings/","target":"https://www.facebook.com/ghost"},{"source":"http://localhost:2368/admin-settings/","target":"https://twitter.com/ghost"},{"source":"http://localhost:2368/admin-settings/","target":"https://ghost.org/"},{"source":"http://localhost:2368/organising-content/","target":"http://localhost:2368/"},{"source":"http://localhost:2368/organising-content/","target":"http://localhost:2368/tag/getting-started/"},{"source":"http://localhost:2368/organising-content/","target":"http://localhost:2368/author/ghost/"},{"source":"http://localhost:2368/organising-content/","target":"https://ghost.org/docs/"},{"source":"http://localhost:2368/organising-content/","target":"http://localhost:2368/brandnewpage/"},{"source":"http://localhost:2368/organising-content/","target":"http://localhost:2368/DoesntExist/"},{"source":"http://localhost:2368/organising-content/","target":"http://localhost:2368/newpagehere/"},{"source":"http://localhost:2368/organising-content/","target":"http://localhost:2368/tag/1NuevoTag1/"},{"source":"http://localhost:2368/organising-content/","target":"http://localhost:2368/tag/2NuevoTag2/"},{"source":"http://localhost:2368/organising-content/","target":"http://localhost:2368/apps-integrations/"},{"source":"http://localhost:2368/organising-content/","target":"http://localhost:2368/nuevo-post/"},{"source":"http://localhost:2368/organising-content/","target":"http://localhost:2368/welcome/"},{"source":"http://localhost:2368/organising-content/","target":"http://localhost:2368/the-editor/"},{"source":"http://localhost:2368/organising-content/","target":"http://localhost:2368/admin-settings/"},{"source":"http://localhost:2368/organising-content/","target":"https://www.facebook.com/ghost"},{"source":"http://localhost:2368/organising-content/","target":"https://twitter.com/ghost"},{"source":"http://localhost:2368/organising-content/","target":"https://ghost.org/"},{"source":"http://localhost:2368/apps-integrations/","target":"http://localhost:2368/"},{"source":"http://localhost:2368/apps-integrations/","target":"http://localhost:2368/tag/getting-started/"},{"source":"http://localhost:2368/apps-integrations/","target":"http://localhost:2368/author/ghost/"},{"source":"http://localhost:2368/apps-integrations/","target":"https://ghost.org/docs/"},{"source":"http://localhost:2368/apps-integrations/","target":"http://localhost:2368/brandnewpage/"},{"source":"http://localhost:2368/apps-integrations/","target":"http://localhost:2368/DoesntExist/"},{"source":"http://localhost:2368/apps-integrations/","target":"http://localhost:2368/newpagehere/"},{"source":"http://localhost:2368/apps-integrations/","target":"http://localhost:2368/tag/1NuevoTag1/"},{"source":"http://localhost:2368/apps-integrations/","target":"http://localhost:2368/tag/2NuevoTag2/"},{"source":"http://localhost:2368/themes/","target":"http://localhost:2368/"},{"source":"http://localhost:2368/themes/","target":"http://localhost:2368/tag/getting-started/"},{"source":"http://localhost:2368/themes/","target":"http://localhost:2368/author/ghost/"},{"source":"http://localhost:2368/themes/","target":"https://ghost.org/docs/"},{"source":"http://localhost:2368/themes/","target":"http://localhost:2368/brandnewpage/"},{"source":"http://localhost:2368/themes/","target":"http://localhost:2368/DoesntExist/"},{"source":"http://localhost:2368/themes/","target":"http://localhost:2368/newpagehere/"},{"source":"http://localhost:2368/themes/","target":"http://localhost:2368/tag/1NuevoTag1/"},{"source":"http://localhost:2368/themes/","target":"http://localhost:2368/tag/2NuevoTag2/"},{"source":"http://localhost:2368/themes/","target":"http://localhost:2368/nuevo-post/"},{"source":"http://localhost:2368/themes/","target":"http://localhost:2368/welcome/"},{"source":"http://localhost:2368/themes/","target":"http://localhost:2368/the-editor/"},{"source":"http://localhost:2368/themes/","target":"http://localhost:2368/apps-integrations/"},{"source":"http://localhost:2368/themes/","target":"https://www.facebook.com/ghost"},{"source":"http://localhost:2368/themes/","target":"https://twitter.com/ghost"},{"source":"http://localhost:2368/themes/","target":"https://ghost.org/"},{"source":"https://ghost.org/","target":"https://ghost.org/"},{"source":"https://ghost.org/","target":"https://ghost.org/docs/"}]}