{"nodes":[{"state":0,"url":"http://localhost:2368"},{"state":1,"url":"http://localhost:2368/tag/getting-started/"},{"state":2,"url":"http://localhost:2368/author/ghost/"},{"state":3,"url":"https://ghost.org/docs/"},{"state":4,"url":"http://localhost:2368/brandnewpage/"},{"state":5,"url":"http://localhost:2368/DoesntExist/"},{"state":6,"url":"http://localhost:2368/newpagehere/"},{"state":7,"url":"http://localhost:2368/tag/1NuevoTag1/"},{"state":8,"url":"http://localhost:2368/post-para-agendar/"},{"state":9,"url":"http://localhost:2368/author/raul/"},{"state":10,"url":"http://localhost:2368/untitled/"},{"state":11,"url":"http://localhost:2368/nuevo-post/"},{"state":12,"url":"http://localhost:2368/posttotest/"},{"state":13,"url":"http://localhost:2368/newpost/"},{"state":14,"url":"http://localhost:2368/welcome/"},{"state":15,"url":"http://localhost:2368/the-editor/"},{"state":16,"url":"http://localhost:2368/publishing-options/"},{"state":17,"url":"http://localhost:2368/admin-settings/"},{"state":18,"url":"http://localhost:2368/organising-content/"},{"state":19,"url":"http://localhost:2368/apps-integrations/"},{"state":20,"url":"http://localhost:2368/themes/"},{"state":21,"url":"https://www.facebook.com/ghost"},{"state":22,"url":"https://twitter.com/ghost"},{"state":23,"url":"https://ghost.org/"}],"links":[{"source":0,"target":0,"interaction":"link-click"},{"source":0,"target":1,"interaction":"link-click"},{"source":0,"target":2,"interaction":"link-click"},{"source":0,"target":3,"interaction":"link-click"},{"source":0,"target":4,"interaction":"link-click"},{"source":0,"target":5,"interaction":"link-click"},{"source":0,"target":6,"interaction":"link-click"},{"source":0,"target":7,"interaction":"link-click"},{"source":0,"target":5,"interaction":"link-click"},{"source":0,"target":8,"interaction":"link-click"},{"source":0,"target":9,"interaction":"link-click"},{"source":0,"target":10,"interaction":"link-click"},{"source":0,"target":11,"interaction":"link-click"},{"source":0,"target":12,"interaction":"link-click"},{"source":0,"target":13,"interaction":"link-click"},{"source":0,"target":14,"interaction":"link-click"},{"source":0,"target":15,"interaction":"link-click"},{"source":0,"target":16,"interaction":"link-click"},{"source":0,"target":17,"interaction":"link-click"},{"source":0,"target":18,"interaction":"link-click"},{"source":0,"target":19,"interaction":"link-click"},{"source":0,"target":20,"interaction":"link-click"},{"source":0,"target":21,"interaction":"link-click"},{"source":0,"target":22,"interaction":"link-click"},{"source":0,"target":23,"interaction":"link-click"}]}