{"nodes":[{"state":0,"url":"http://localhost:2368","errors":[]},{"state":1,"url":"http://localhost:2368/tag/getting-started/","errors":["{\n  \"_type\": \"info\",\n  \"_text\": \"An <img> element was lazyloaded with loading=lazy, but had no dimensions specified. Specifying dimensions improves performance. See https://crbug.com/954323\",\n  \"_args\": [],\n  \"_location\": {\n    \"url\": \"http://localhost:2368/tag/getting-started/\",\n    \"lineNumber\": 191\n  }\n}"]},{"state":2,"url":"http://localhost:2368/author/ghost/","errors":["{\n  \"_type\": \"info\",\n  \"_text\": \"An <img> element was lazyloaded with loading=lazy, but had no dimensions specified. Specifying dimensions improves performance. See https://crbug.com/954323\",\n  \"_args\": [],\n  \"_location\": {\n    \"url\": \"http://localhost:2368/author/ghost/\",\n    \"lineNumber\": 135\n  }\n}"]},{"state":3,"url":"https://ghost.org/docs/","errors":["{\n  \"_type\": \"info\",\n  \"_text\": \"An <img> element was lazyloaded with loading=lazy, but had no dimensions specified. Specifying dimensions improves performance. See https://crbug.com/954323\",\n  \"_args\": [],\n  \"_location\": {\n    \"url\": \"https://ghost.org/docs/\"\n  }\n}"]},{"state":4,"url":"http://localhost:2368/brandnewpage/","errors":[]},{"state":5,"url":"http://localhost:2368/DoesntExist/","errors":[]},{"state":6,"url":"http://localhost:2368/newpagehere/","errors":[]},{"state":7,"url":"http://localhost:2368/tag/1NuevoTag1/","errors":[]},{"state":8,"url":"http://localhost:2368/post-para-agendar/","errors":[]},{"state":9,"url":"http://localhost:2368/author/raul/","errors":[]},{"state":10,"url":"http://localhost:2368/untitled/","errors":[]},{"state":11,"url":"http://localhost:2368/nuevo-post/","errors":[]},{"state":12,"url":"http://localhost:2368/posttotest/","errors":[]},{"state":13,"url":"http://localhost:2368/newpost/","errors":["{\n  \"_type\": \"info\",\n  \"_text\": \"An <img> element was lazyloaded with loading=lazy, but had no dimensions specified. Specifying dimensions improves performance. See https://crbug.com/954323\",\n  \"_args\": [],\n  \"_location\": {\n    \"url\": \"http://localhost:2368/newpost/\"\n  }\n}"]},{"state":14,"url":"http://localhost:2368/welcome/","errors":["{\n  \"_type\": \"info\",\n  \"_text\": \"An <img> element was lazyloaded with loading=lazy, but had no dimensions specified. Specifying dimensions improves performance. See https://crbug.com/954323\",\n  \"_args\": [],\n  \"_location\": {\n    \"url\": \"http://localhost:2368/welcome/\"\n  }\n}"]},{"state":15,"url":"http://localhost:2368/the-editor/","errors":["{\n  \"_type\": \"info\",\n  \"_text\": \"An <img> element was lazyloaded with loading=lazy, but had no dimensions specified. Specifying dimensions improves performance. See https://crbug.com/954323\",\n  \"_args\": [],\n  \"_location\": {\n    \"url\": \"http://localhost:2368/the-editor/\",\n    \"lineNumber\": 271\n  }\n}"]},{"state":16,"url":"http://localhost:2368/publishing-options/","errors":["{\n  \"_type\": \"info\",\n  \"_text\": \"An <img> element was lazyloaded with loading=lazy, but had no dimensions specified. Specifying dimensions improves performance. See https://crbug.com/954323\",\n  \"_args\": [],\n  \"_location\": {\n    \"url\": \"http://localhost:2368/publishing-options/\",\n    \"lineNumber\": 288\n  }\n}"]},{"state":17,"url":"http://localhost:2368/admin-settings/","errors":["{\n  \"_type\": \"info\",\n  \"_text\": \"An <img> element was lazyloaded with loading=lazy, but had no dimensions specified. Specifying dimensions improves performance. See https://crbug.com/954323\",\n  \"_args\": [],\n  \"_location\": {\n    \"url\": \"http://localhost:2368/admin-settings/\",\n    \"lineNumber\": 267\n  }\n}"]},{"state":18,"url":"http://localhost:2368/organising-content/","errors":["{\n  \"_type\": \"info\",\n  \"_text\": \"An <img> element was lazyloaded with loading=lazy, but had no dimensions specified. Specifying dimensions improves performance. See https://crbug.com/954323\",\n  \"_args\": [],\n  \"_location\": {\n    \"url\": \"http://localhost:2368/organising-content/\",\n    \"lineNumber\": 267\n  }\n}"]},{"state":19,"url":"http://localhost:2368/apps-integrations/","errors":["{\n  \"_type\": \"error\",\n  \"_text\": \"Failed to load resource: net::ERR_CONNECTION_RESET\",\n  \"_args\": [],\n  \"_location\": {\n    \"url\": \"https://zapier.com/apps/embed/widget.js?services=Ghost&container=true&limit=8\"\n  }\n}","{\n  \"_type\": \"info\",\n  \"_text\": \"An <img> element was lazyloaded with loading=lazy, but had no dimensions specified. Specifying dimensions improves performance. See https://crbug.com/954323\",\n  \"_args\": [],\n  \"_location\": {\n    \"url\": \"http://localhost:2368/apps-integrations/\",\n    \"lineNumber\": 268\n  }\n}"]},{"state":20,"url":"http://localhost:2368/themes/","errors":["{\n  \"_type\": \"info\",\n  \"_text\": \"An <img> element was lazyloaded with loading=lazy, but had no dimensions specified. Specifying dimensions improves performance. See https://crbug.com/954323\",\n  \"_args\": [],\n  \"_location\": {\n    \"url\": \"http://localhost:2368/themes/\",\n    \"lineNumber\": 267\n  }\n}"]},{"state":21,"url":"https://www.facebook.com/ghost","errors":[]},{"state":22,"url":"https://twitter.com/ghost","errors":[]},{"state":23,"url":"https://ghost.org/","errors":[]}],"links":[{"source":0,"target":0,"interaction":"link-click"},{"source":0,"target":1,"interaction":"link-click"},{"source":0,"target":2,"interaction":"link-click"},{"source":0,"target":3,"interaction":"link-click"},{"source":0,"target":4,"interaction":"link-click"},{"source":0,"target":5,"interaction":"link-click"},{"source":0,"target":6,"interaction":"link-click"},{"source":0,"target":7,"interaction":"link-click"},{"source":0,"target":5,"interaction":"link-click"},{"source":0,"target":8,"interaction":"link-click"},{"source":0,"target":9,"interaction":"link-click"},{"source":0,"target":10,"interaction":"link-click"},{"source":0,"target":11,"interaction":"link-click"},{"source":0,"target":12,"interaction":"link-click"},{"source":0,"target":13,"interaction":"link-click"},{"source":0,"target":14,"interaction":"link-click"},{"source":0,"target":15,"interaction":"link-click"},{"source":0,"target":16,"interaction":"link-click"},{"source":0,"target":17,"interaction":"link-click"},{"source":0,"target":18,"interaction":"link-click"},{"source":0,"target":19,"interaction":"link-click"},{"source":0,"target":20,"interaction":"link-click"},{"source":0,"target":21,"interaction":"link-click"},{"source":0,"target":22,"interaction":"link-click"},{"source":0,"target":23,"interaction":"link-click"}]}